{"cameraMode":{"drawMode":0,"name":"Shaded","section":"Shading Mode"},"sceneLighting":true,"audioPlay":false,"sceneViewState":{"showFog":true,"showMaterialUpdate":false,"showSkybox":true,"showFlares":true,"showImageEffects":true,"showParticleSystems":true},"in2DMode":false,"pivot":{"x":-21.238052368164064,"y":-2.962815284729004,"z":39.67872619628906},"rotation":{"x":-0.05484732985496521,"y":0.23075230419635774,"z":-0.013053739443421364,"w":-0.9713777899742127},"size":54.4079475402832,"orthographic":false}